date,state,positive,negative,pending,hospitalizedCurrently,recovered,death
20200417,AK,309,9141,,,128,9
20200417,AL,4530,33318,,,,144
20200417,AR,1695,21799,,83,593,37
20200417,AS,0,3,17,,,
20200417,AZ,4507,44723,,566,539,169
20200417,CA,27528,224086,7200,4892,,985
20200417,CO,8675,33155,,,,374
20200417,CT,16809,38653,,1946,,1036
20200417,DC,2476,10167,,313,573,86
20200417,DE,2323,11694,,224,423,61
20200417,FL,24119,210718,1285,,,699
20200417,GA,17194,54490,,,,650
20200417,GU,136,940,,6,97,5
20200417,HI,541,21316,,,374,9
20200417,IA,2332,19460,,183,1007,64
20200417,ID,1609,14574,,,390,41
20200417,IL,27575,102588,,4454,,1134
20200417,IN,10154,44631,,,,519
20200417,KS,1705,15196,,,,84
20200417,KY,2429,27318,,477,956,129
20200417,LA,23118,108869,,1868,,1213
20200417,MA,34402,114342,,3729,,1404
20200417,MD,11572,50437,,,736,425
20200417,ME,827,14076,,55,352,29
20200417,MI,30023,68936,,3674,629,2227
20200417,MN,2071,40982,,223,1066,111
20200417,MO,5283,46434,,1043,,165
20200417,MP,13,42,4,,,2
20200417,MS,3793,34791,,,,140
20200417,MT,422,9822,,21,233,8
20200417,NC,5859,67122,,429,,152
20200417,ND,439,11903,,16,172,9
20200417,NE,1066,12038,,,,24
20200417,NH,1287,11421,174,74,455,37
20200417,NJ,78467,78982,,8011,,3840
20200417,NM,1597,32891,,90,353,44
20200417,NV,3524,26238,,,,142
20200417,NY,229642,343581,,17156,23887,12822
20200417,OH,8858,68819,,,,418
20200417,OK,2465,31155,,325,1331,136
20200417,OR,1785,34536,,301,,70
20200417,PA,29441,117932,,2603,,756
20200417,PR,1068,7864,1478,,,58
20200417,RI,4177,26584,,252,196,118
20200417,SC,3931,32353,,,,109
20200417,SD,1411,9651,0,,457,7
20200417,TN,6589,80684,,,3017,142
20200417,TX,17371,152165,,1522,4190,428
20200417,UT,2805,52966,,,443,23
20200417,VA,7491,41506,499,1308,1110,231
20200417,VI,51,373,34,,46,2
20200417,VT,779,11337,,32,15,35
20200417,WA,11152,117748,,622,,583
20200417,WI,4045,42365,198,361,,205
20200417,WV,754,17927,,85,223,13
20200417,WY,296,6131,,19,148,2
20200416,AK,300,8435,,,110,9
20200416,AL,4345,32046,,,,133
20200416,AR,1620,21055,,85,548,37
20200416,AS,0,3,17,,,
20200416,AZ,4234,43164,,578,460,150
20200416,CA,26182,220218,13200,5031,,890
20200416,CO,8280,32253,,,,357
20200416,CT,15884,37238,,1926,,971
20200416,DC,2350,9800,,313,552,81
20200416,DE,2075,11275,,209,378,52
20200416,FL,22897,196351,1325,,,646
20200416,GA,15669,52270,,,,587
20200416,GU,135,870,,9,86,5
20200416,HI,530,20170,,,359,9
20200416,IA,2141,18534,,175,987,60
20200416,ID,1587,14244,,,,41
20200416,IL,25733,96856,,4423,,1072
20200416,IN,9542,41573,,,,477
20200416,KS,1588,14534,,,,80
20200416,KY,2291,26033,,412,862,122
20200416,LA,22532,104054,,1914,,1156
20200416,MA,32181,108592,,3454,,1245
20200416,MD,10784,48059,,,736,392
20200416,ME,796,14076,,47,333,27
20200416,MI,29263,65023,,3809,617,2093
20200416,MN,1912,39763,,213,1020,94
20200416,MO,5111,45537,,1043,,152
20200416,MP,13,27,7,,,2
20200416,MS,3624,34791,,,,129
20200416,MT,415,9521,,21,218,7
20200416,NC,5465,65452,,452,,131
20200416,ND,393,11311,,14,163,9
20200416,NE,952,11342,,,,21
20200416,NH,1139,11027,121,70,365,32
20200416,NJ,75317,76513,,8224,,3518
20200416,NM,1484,31910,,90,353,36
20200416,NV,3321,25130,,,,137
20200416,NY,222284,328295,,17735,23887,12192
20200416,OH,8414,66426,,,,389
20200416,OK,2357,28542,,236,1240,131
20200416,OR,1736,33202,,307,,64
20200416,PA,27735,113735,,2512,,707
20200416,PR,1043,7315,1465,,,56
20200416,RI,3838,24226,,245,182,105
20200416,SC,3656,31077,,,,107
20200416,SD,1311,9239,2,,373,7
20200416,TN,6262,78787,,,2786,141
20200416,TX,16455,142092,,1459,3677,393
20200416,UT,2683,46995,,,357,21
20200416,VA,6889,39555,537,1337,951,208
20200416,VI,51,357,35,,46,1
20200416,VT,768,10739,,58,15,35
20200416,WA,10783,113500,,595,,567
20200416,WI,3875,40974,218,394,,197
20200416,WV,739,17567,,85,223,13
20200416,WY,296,6131,,19,148,2
20200415,AK,293,8371,,,106,9
20200415,AL,4113,29964,,,,121
20200415,AR,1569,20265,,83,489,33
20200415,AS,0,3,17,,,
20200415,AZ,3962,41348,,590,385,142
20200415,CA,24424,192062,13200,5163,,821
20200415,CO,7941,31639,,,,329
20200415,CT,14755,35388,,1908,,868
20200415,DC,2197,9328,,313,530,72
20200415,DE,2014,11088,,208,354,46
20200415,FL,22511,190998,1335,,,609
20200415,GA,14987,49103,,,,552
20200415,GU,135,843,,9,73,5
20200415,HI,517,19286,,,333,9
20200415,IA,1995,17874,,171,908,53
20200415,ID,1464,13934,,,,39
20200415,IL,24593,92336,,4283,,948
20200415,IN,8955,39441,,,,436
20200415,KS,1494,13174,,,,76
20200415,KY,2210,25487,,305,653,115
20200415,LA,21951,99977,,1943,,1103
20200415,MA,29918,102105,,3454,,1108
20200415,MD,10032,45731,,,607,349
20200415,ME,770,14076,,48,305,24
20200415,MI,28059,61638,,3918,452,1921
20200415,MN,1809,38433,,197,940,87
20200415,MO,4895,44117,,1024,,147
20200415,MP,13,27,7,,,2
20200415,MS,3360,34791,,,,122
20200415,MT,404,9179,,21,209,7
20200415,NC,5123,62704,,431,,117
20200415,ND,365,10952,,13,142,9
20200415,NE,901,10828,,,,20
20200415,NH,1139,11027,121,70,365,32
20200415,NJ,71030,72991,,8270,,3156
20200415,NM,1407,31443,,87,340,36
20200415,NV,3211,24444,,,,131
20200415,NY,213779,312233,,18697,23887,11586
20200415,OH,7791,63761,,,,361
20200415,OK,2263,26956,,194,1115,123
20200415,OR,1663,31688,,305,,58
20200415,PA,26490,111094,,2395,,647
20200415,PR,974,6825,1410,,,51
20200415,RI,3529,22368,,229,168,87
20200415,SC,3656,31077,,,,107
20200415,SD,1168,8691,0,,329,6
20200415,TN,6079,74817,,,2196,135
20200415,TX,15492,136318,,1538,3150,364
20200415,UT,2542,45072,,,218,20
20200415,VA,6500,37669,496,1298,752,195
20200415,VI,51,331,35,,44,1
20200415,VT,759,10322,,63,15,30
20200415,WA,10694,112160,,645,,541
20200415,WI,3721,39326,280,406,,182
20200415,WV,702,16954,,82,211,10
20200415,WY,287,6042,,,129,2
20200414,AK,285,8063,,,98,9
20200414,AL,3876,29241,,,,110
20200414,AR,1480,19651,,81,427,30
20200414,AS,0,3,17,,,
20200414,AZ,3806,40290,,580,249,131
20200414,CA,23338,178870,13200,5163,,758
20200414,CO,7691,31051,,,,308
20200414,CT,13989,31852,,1779,,671
20200414,DC,2058,9460,,295,518,67
20200414,DE,1761,10543,,204,277,41
20200414,FL,21367,181813,1275,,,537
20200414,GA,14223,47572,,,,501
20200414,GU,135,811,,13,66,5
20200414,HI,504,18916,,,315,9
20200414,IA,1899,16986,,163,741,49
20200414,ID,1453,13661,,,,33
20200414,IL,23247,87369,,4283,,868
20200414,IN,8527,37490,,,,388
20200414,KS,1426,12721,,,,69
20200414,KY,2048,24635,,299,629,104
20200414,LA,21518,96904,,1977,,1013
20200414,MA,28163,98388,,,,957
20200414,MD,9472,44261,,,607,302
20200414,ME,734,11608,,58,292,20
20200414,MI,27001,59225,,3910,452,1768
20200414,MN,1695,37546,,177,909,79
20200414,MO,4686,43292,,1041,,133
20200414,MP,13,27,7,,,2
20200414,MS,3087,34791,,,,111
20200414,MT,399,8835,,24,197,7
20200414,NC,5024,60015,,418,,108
20200414,ND,341,10575,,13,138,9
20200414,NE,871,10486,,,,18
20200414,NH,1020,10590,25,72,249,23
20200414,NJ,68824,70950,,8185,,2805
20200414,NM,1345,30625,,87,304,31
20200414,NV,3088,23573,,,,120
20200414,NY,202208,296935,,18697,23887,10834
20200414,OH,7153,60721,,,,324
20200414,OK,2184,26085,,194,1060,108
20200414,OR,1633,30730,,311,,55
20200414,PA,25345,108286,,2317,,584
20200414,PR,923,6284,1322,,,45
20200414,RI,3251,19649,,213,135,80
20200414,SC,3553,30319,,,,97
20200414,SD,988,8308,0,,261,6
20200414,TN,5823,73008,,,1969,124
20200414,TX,14624,131843,,1409,2580,318
20200414,UT,2412,44064,,,218,19
20200414,VA,6171,36592,469,1282,721,154
20200414,VI,51,326,23,,44,1
20200414,VT,752,9833,,64,15,29
20200414,WA,10538,83391,,387,,516
20200414,WI,3555,37997,277,432,,170
20200414,WV,640,16398,,87,147,9
20200414,WY,275,5689,,,140,1
20200413,AK,277,7553,,,85,8
20200413,AL,3734,25448,,,,99
20200413,AR,1410,19394,,74,391,30
20200413,AS,0,3,,,,
20200413,AZ,3702,39645,,525,,122
20200413,CA,22348,168534,13200,3015,,687
20200413,CO,7684,29850,,,,304
20200413,CT,13381,30928,,1760,,602
20200413,DC,1955,8979,,295,507,53
20200413,DE,1625,10195,,201,213,35
20200413,FL,20601,175606,1789,,,483
20200413,GA,13315,43706,,,,464
20200413,GU,135,770,,12,58,5
20200413,HI,499,18345,,,310,9
20200413,IA,1710,16986,,142,741,43
20200413,ID,1426,13455,,,,27
20200413,IL,22025,83743,,3680,,794
20200413,IN,8236,36303,,,,350
20200413,KS,1376,12488,,,,62
20200413,KY,1963,23903,,289,607,97
20200413,LA,21016,87075,,2134,,884
20200413,MA,26867,95182,,,,844
20200413,MD,8936,42815,,,603,262
20200413,ME,698,11608,,22,273,19
20200413,MI,25635,57009,,3986,447,1602
20200413,MN,1650,36777,,157,842,70
20200413,MO,4388,41040,,988,,114
20200413,MP,11,27,9,,,2
20200413,MS,2942,28042,,,,98
20200413,MT,394,8704,,21,171,7
20200413,NC,4816,58572,,313,,86
20200413,ND,331,10450,,13,127,8
20200413,NE,814,10158,,,,17
20200413,NH,985,10222,125,,239,23
20200413,NJ,64584,64885,,7781,,2443
20200413,NM,1245,29270,,80,295,26
20200413,NV,2971,22493,,,,114
20200413,NY,195031,283326,,18825,23887,10056
20200413,OH,6975,58137,,,,274
20200413,OK,2069,20790,,383,865,99
20200413,OR,1584,29537,,321,,53
20200413,PA,24199,105593,,2243,,524
20200413,PR,903,5960,1288,,,45
20200413,RI,2976,17685,,197,135,73
20200413,SC,3319,28106,,,,82
20200413,SD,868,8134,0,,207,6
20200413,TN,5610,70585,,,1671,109
20200413,TX,13906,119320,,1176,2269,287
20200413,UT,2363,43424,,,218,18
20200413,VA,5747,35654,473,1238,,149
20200413,VI,51,322,2,,43,1
20200413,VT,748,9618,,33,15,28
20200413,WA,10411,83391,,527,,508
20200413,WI,3428,36769,273,442,,154
20200413,WV,626,16029,,95,85,9
20200413,WY,275,5689,,,138,1
20200412,AK,272,7766,,,66,8
20200412,AL,3525,18058,,,,93
20200412,AR,1280,18442,,74,367,27
20200412,AS,0,3,2,,,
20200412,AZ,3539,38570,,,,115
20200412,CA,21794,168534,13200,5234,,651
20200412,CO,6893,27980,,,,274
20200412,CT,12035,29185,,1654,,554
20200412,DC,1875,8765,,,493,50
20200412,DE,1479,9624,,190,191,33
20200412,FL,19355,163398,1297,,,465
20200412,GA,12452,42001,,,,433
20200412,GU,133,693,,13,58,5
20200412,HI,486,17482,,,300,8
20200412,IA,1587,16005,,129,674,41
20200412,ID,1407,12901,,,,27
20200412,IL,20852,79883,,3680,,720
20200412,IN,7928,34561,,,,343
20200412,KS,1337,11916,,,,56
20200412,KY,1840,22727,,271,464,94
20200412,LA,20595,83450,,2084,,840
20200412,MA,25475,91255,,,,756
20200412,MD,8225,41539,,,456,235
20200412,ME,633,6088,,,266,19
20200412,MI,24638,54799,,3636,433,1487
20200412,MN,1621,35800,,157,842,70
20200412,MO,4160,41040,,988,,110
20200412,MP,11,27,9,,,2
20200412,MS,2781,18632,,,,96
20200412,MT,387,8526,,22,169,6
20200412,NC,4520,57619,,331,,81
20200412,ND,308,10042,,12,121,8
20200412,NE,791,9900,,,,17
20200412,NH,929,9996,119,,236,23
20200412,NJ,61850,64885,,7604,,2350
20200412,NM,1174,27518,,78,235,20
20200412,NV,2836,21775,,282,,112
20200412,NY,188694,272907,,18707,23887,9385
20200412,OH,6604,56639,,,,253
20200412,OK,1970,20790,,383,865,96
20200412,OR,1527,28231,,295,,52
20200412,PA,22833,102057,,2097,,507
20200412,PR,897,5819,1251,,,44
20200412,RI,2665,17685,,201,35,63
20200412,SC,3319,28106,,,,82
20200412,SD,730,7823,0,,197,6
20200412,TN,5308,65369,,,1504,101
20200412,TX,13484,111049,,1338,2014,271
20200412,UT,2303,41931,,,,18
20200412,VA,5274,34711,521,751,,141
20200412,VI,51,299,20,3,43,1
20200412,VT,727,9114,,34,15,27
20200412,WA,10224,83391,,642,,491
20200412,WI,3341,35916,,442,,144
20200412,WV,611,15646,,81,83,8
20200412,WY,261,5198,,,137,0
20200411,AK,257,7475,,,63,8
20200411,AL,3191,18058,,,,91
20200411,AR,1226,17352,,86,340,24
20200411,AS,0,3,2,,,
20200411,AZ,3393,37137,,,,108
20200411,CA,19472,152604,13200,5236,,541
20200411,CO,6510,26143,,,,250
20200411,CT,11510,28321,,1593,,494
20200411,DC,1778,8261,,,447,47
20200411,DE,1479,9624,,190,191,33
20200411,FL,18494,154439,1418,,,438
20200411,GA,12159,39556,,,,428
20200411,GU,133,693,,14,58,5
20200411,HI,465,17066,,,284,8
20200411,IA,1510,15622,,118,585,34
20200411,ID,1396,12368,,,,25
20200411,IL,19180,72969,,3680,,677
20200411,IN,7435,31780,,,,330
20200411,KS,1268,11075,,,,55
20200411,KY,1693,22595,,271,464,90
20200411,LA,20014,76901,,2067,,806
20200411,MA,22860,85916,,,,686
20200411,MD,7694,39544,,,431,206
20200411,ME,616,6088,,,256,19
20200411,MI,23993,52021,,3636,595,1392
20200411,MN,1427,33977,,145,793,64
20200411,MO,4024,39148,,506,,109
20200411,MP,11,27,9,,,2
20200411,MS,2642,18632,,,,93
20200411,MT,377,8204,,21,169,6
20200411,NC,4312,56081,,362,,80
20200411,ND,293,9787,,10,119,7
20200411,NE,700,9285,,,,17
20200411,NH,885,9608,93,,234,22
20200411,NJ,58151,62042,,7618,,2183
20200411,NM,1091,26007,,75,235,19
20200411,NV,2700,20887,,282,,102
20200411,NY,180458,260522,,18654,22025,8627
20200411,OH,6187,54221,,,,247
20200411,OK,1868,20790,,383,865,94
20200411,OR,1371,25853,,140,,48
20200411,PA,21655,98498,,2115,,494
20200411,PR,788,5583,1332,,,42
20200411,RI,2349,15858,,183,35,56
20200411,SC,3207,26886,,,,80
20200411,SD,626,7378,2,,189,6
20200411,TN,5114,61714,,,1386,101
20200411,TX,12561,107972,,1514,1617,254
20200411,UT,2206,40340,,,,18
20200411,VA,5077,32922,517,1252,,130
20200411,VI,51,299,20,3,43,1
20200411,VT,711,8547,,77,15,25
20200411,WA,10224,83391,,649,,491
20200411,WI,3213,34680,,444,,137
20200411,WV,577,14875,,85,63,5
20200411,WY,261,5198,,,129,0
20200410,AK,246,7186,,,55,7
20200410,AL,2968,18058,,,,80
20200410,AR,1171,15949,,86,312,23
20200410,AS,0,3,2,,,0
20200410,AZ,3112,34622,,,,97
20200410,CA,19472,145391,13900,2897,,541
20200410,CO,6510,26143,,,,250
20200410,CT,10538,25750,,1562,,448
20200410,DC,1660,7695,,,426,38
20200410,DE,1326,10415,,181,177,23
20200410,FL,17531,145299,1411,,,390
20200410,GA,11483,34664,,,,416
20200410,GU,130,662,,14,41,4
20200410,HI,442,15707,,,251,6
20200410,IA,1388,14565,,125,506,31
20200410,ID,1353,11741,,,,24
20200410,IL,17887,69640,,3680,,596
20200410,IN,6907,28133,,,,300
20200410,KS,1166,10248,,,,50
20200410,KY,1693,22595,,271,464,90
20200410,LA,19253,73027,,2054,,755
20200410,MA,20974,81398,,,,599
20200410,MD,6968,37480,,,397,171
20200410,ME,586,6088,,,246,17
20200410,MI,22783,49261,,3823,56,1281
20200410,MN,1336,32558,,143,732,57
20200410,MO,3799,36941,,568,,96
20200410,MP,11,27,9,,,2
20200410,MS,2469,18632,,,,82
20200410,MT,365,7932,,29,165,6
20200410,NC,3908,53737,,423,,74
20200410,ND,278,9330,,13,105,6
20200410,NE,635,8719,,,,15
20200410,NH,819,9139,155,,234,21
20200410,NJ,54588,58935,,7570,682,1932
20200410,NM,1091,26007,,73,217,19
20200410,NV,2584,20165,,282,,86
20200410,NY,170512,247373,,18569,20249,7844
20200410,OH,5836,52695,,,,231
20200410,OK,1794,20370,,186,790,88
20200410,OR,1321,24306,,146,,44
20200410,PA,19979,93040,,2072,,416
20200410,PR,725,5121,1392,,,39
20200410,RI,2015,12281,,169,35,49
20200410,SC,3065,25118,,,,72
20200410,SD,536,7111,,,177,6
20200410,TN,4862,57937,,,1145,98
20200410,TX,11671,104047,,1532,1366,226
20200410,UT,2102,38660,,,,17
20200410,VA,4509,30950,521,1238,,121
20200410,VI,50,273,45,3,43,1
20200410,VT,679,7553,,32,15,24
20200410,WA,10224,83391,,642,,446
20200410,WI,3068,33225,,,,128
20200410,WV,554,14001,,85,63,5
20200410,WY,320,4736,,,105,0
20200409,AK,235,6988,,,49,7
20200409,AL,2769,18058,,,,74
20200409,AR,1119,13832,,73,288,21
20200409,AS,0,3,2,,,0
20200409,AZ,3018,34160,,,,89
20200409,CA,18309,145191,14100,2825,,492
20200409,CO,5655,23544,,,,193
20200409,CT,9784,23718,,1464,,380
20200409,DC,1523,7201,,,393,32
20200409,DE,1207,8683,,201,173,23
20200409,FL,16364,136185,1395,,,354
20200409,GA,10566,30519,,,,379
20200409,GU,128,593,,14,33,4
20200409,HI,435,15316,,,113,5
20200409,IA,1270,13703,,122,476,29
20200409,ID,1232,11299,,,,18
20200409,IL,16422,64435,,3680,,528
20200409,IN,6351,25782,,,,245
20200409,KS,1106,9669,,,,42
20200409,KY,1346,20455,,,,73
20200409,LA,18283,68636,,2014,,702
20200409,MA,18941,76017,,,,503
20200409,MD,6185,35344,,,376,138
20200409,ME,560,6088,,,202,16
20200409,MI,21504,45550,,3826,56,1076
20200409,MN,1242,31052,,145,675,50
20200409,MO,3539,34955,,568,,77
20200409,MP,11,27,9,,,2
20200409,MS,2260,18632,,,,76
20200409,MT,354,7506,,13,157,6
20200409,NC,3651,44158,,398,,65
20200409,ND,269,8721,,14,101,5
20200409,NE,567,8116,,,,14
20200409,NH,788,8763,143,,227,18
20200409,NJ,51027,56165,,7363,,1700
20200409,NM,865,22942,,59,201,16
20200409,NV,2456,19315,,282,,80
20200409,NY,159937,231612,,18279,18297,7067
20200409,OH,5512,50473,,,,213
20200409,OK,1684,18595,,188,686,80
20200409,OR,1321,24306,,146,,44
20200409,PA,18228,87374,,2051,,338
20200409,PR,683,4703,1304,,,33
20200409,RI,1727,10682,,160,35,43
20200409,SC,2792,24575,,,,67
20200409,SD,447,6700,,,161,6
20200409,TN,4634,55215,,,921,94
20200409,TX,10230,95904,,1439,1101,199
20200409,UT,1976,36397,,,,13
20200409,VA,4042,28984,627,669,,109
20200409,VI,46,251,42,,39,1
20200409,VT,628,7553,,33,15,23
20200409,WA,9769,83391,,650,,446
20200409,WI,2885,31424,,,,111
20200409,WV,523,13340,,,,5
20200409,WY,230,3920,,,94,0
20200408,AK,226,6842,,,32,7
20200408,AL,2369,16753,,,,66
20200408,AR,1000,13530,,76,208,18
20200408,AS,0,3,2,,,0
20200408,AZ,2726,31838,,,,80
20200408,CA,16957,127307,14600,2714,,442
20200408,CO,5429,22665,,,,179
20200408,CT,7781,21255,,1308,,277
20200408,DC,1440,6843,,,361,27
20200408,DE,928,7628,,147,144,16
20200408,FL,15455,127679,1324,,,309
20200408,GA,9901,28886,,,,362
20200408,GU,125,562,,21,31,4
20200408,HI,410,14739,,,113,5
20200408,IA,1145,12821,,122,431,27
20200408,ID,1210,10688,,,,15
20200408,IL,15078,59988,,3680,,462
20200408,IN,5943,24926,,,,203
20200408,KS,900,8614,,,,27
20200408,KY,1149,20455,,,,65
20200408,LA,17030,64376,,1983,,652
20200408,MA,16790,70721,,,,433
20200408,MD,5529,32933,,,365,124
20200408,ME,537,6088,,,187,14
20200408,MI,20589,45550,,,56,959
20200408,MN,1154,29599,,135,632,39
20200408,MO,3327,30783,,519,,58
20200408,MP,11,27,9,,,2
20200408,MS,2003,18632,,,,67
20200408,MT,332,7066,,,135,6
20200408,NC,3426,39561,,386,,53
20200408,ND,251,8301,,16,98,4
20200408,NE,519,7442,,,,12
20200408,NH,788,8389,89,,211,18
20200408,NJ,47437,52979,,7026,,1504
20200408,NM,794,21451,,51,171,13
20200408,NV,2318,18248,,282,,71
20200408,NY,149316,215837,,18079,16353,6268
20200408,OH,5148,48193,,,,193
20200408,OK,1524,11821,,188,686,79
20200408,OR,1239,23325,,156,,33
20200408,PA,16239,82299,,1898,,309
20200408,PR,620,4266,1160,,,24
20200408,RI,1450,10682,,143,35,35
20200408,SC,2552,22082,,,,63
20200408,SD,393,6355,0,,146,6
20200408,TN,4362,52256,,,592,79
20200408,TX,9353,86905,,1491,38,177
20200408,UT,1846,34270,,,,13
20200408,VA,3645,27000,,,,75
20200408,VI,45,242,35,,39,1
20200408,VT,605,7144,,35,15,23
20200408,WA,9506,83391,,655,,446
20200408,WI,2756,30115,,,,99
20200408,WV,462,12083,,,,4
20200408,WY,221,3843,,,62,0
20200407,AK,213,6700,,,29,6
20200407,AL,2119,12797,,,,56
20200407,AR,946,12692,,74,142,16
20200407,AS,0,3,2,,,0
20200407,AZ,2575,30800,,,,73
20200407,CA,15865,115364,14100,2611,,374
20200407,CO,5172,21703,,,,150
20200407,CT,7781,21255,,1308,,277
20200407,DC,1211,6612,,,318,22
20200407,DE,928,7628,,147,144,16
20200407,FL,14747,123415,1407,,,296
20200407,GA,8818,24895,,,,329
20200407,GU,121,529,,21,27,4
20200407,HI,387,13155,,,89,5
20200407,IA,1048,11670,,104,341,26
20200407,ID,1170,10076,,,,13
20200407,IL,13549,55183,,3680,,380
20200407,IN,5507,23257,,,,173
20200407,KS,900,8614,,,,27
20200407,KY,1008,18947,,,,59
20200407,LA,16284,58371,,1996,,582
20200407,MA,15202,66142,,,,356
20200407,MD,4371,27256,,,288,103
20200407,ME,519,6088,,,176,12
20200407,MI,19823,45550,,,56,845
20200407,MN,1069,28191,,120,549,34
20200407,MO,3037,28932,,508,,53
20200407,MP,8,15,,,,2
20200407,MS,1915,18632,,,,59
20200407,MT,319,6666,,,,6
20200407,NC,3221,37861,,354,,46
20200407,ND,237,7466,,18,82,4
20200407,NE,447,6811,,,,10
20200407,NH,715,8019,49,,151,9
20200407,NJ,44416,50558,,7017,,1232
20200407,NM,686,21139,,48,133,12
20200407,NV,2087,16552,,282,,58
20200407,NY,138863,201195,,17493,14590,5489
20200407,OH,4782,46056,,,,167
20200407,OK,1472,11821,,186,612,67
20200407,OR,1181,21826,,,,33
20200407,PA,14559,76719,,1665,,240
20200407,PR,573,3966,968,,,23
20200407,RI,1230,9077,,123,35,30
20200407,SC,2417,21263,,,,51
20200407,SD,320,5948,2,,98,6
20200407,TN,4138,48736,,,466,72
20200407,TX,8262,80387,,1252,38,154
20200407,UT,1738,32909,,,,13
20200407,VA,3333,25312,,,,63
20200407,VI,43,222,20,,36,1
20200407,VT,575,6554,,29,15,23
20200407,WA,9043,83391,,641,,393
20200407,WI,2578,28512,,,,92
20200407,WV,412,11647,,,,4
20200407,WY,216,3789,,,62,0
20200406,AK,191,6692,,,,6
20200406,AL,1968,12797,,,,50
20200406,AR,875,11970,,74,102,16
20200406,AS,0,3,2,,,0
20200406,AZ,2456,30078,,,,65
20200406,CA,14336,103095,15000,2509,,343
20200406,CO,4950,20823,,,,140
20200406,CT,6906,19780,,1221,,206
20200406,DC,1097,6356,,,287,24
20200406,DE,673,6321,,101,71,14
20200406,FL,13324,109950,1142,,,236
20200406,GA,7314,23960,,,,229
20200406,GU,113,505,,21,25,4
20200406,HI,371,13155,,,85,4
20200406,IA,946,10653,,99,284,25
20200406,ID,1101,9894,,,,10
20200406,IL,12262,50680,,,,307
20200406,IN,4944,21247,,,,139
20200406,KS,845,8239,,,,25
20200406,KY,955,17812,,,,45
20200406,LA,14867,54299,,1981,,512
20200406,MA,13837,62592,,,,260
20200406,MD,4045,25572,,,184,91
20200406,ME,499,6088,,,158,10
20200406,MI,18850,43120,,,56,727
20200406,MN,986,27142,,115,470,30
20200406,MO,2722,27113,,439,,39
20200406,MP,8,13,10,,,1
20200406,MS,1738,18632,,,,51
20200406,MT,299,6491,,,,6
20200406,NC,2870,37856,,270,,33
20200406,ND,225,6988,,19,74,3
20200406,NE,409,6378,8,,,8
20200406,NH,669,7701,101,,147,9
20200406,NJ,41090,47942,,6390,,1003
20200406,NM,624,18512,,45,130,12
20200406,NV,1953,15676,,,,46
20200406,NY,130689,190122,,16837,13366,4758
20200406,OH,4450,43928,,,,142
20200406,OK,1327,1422,,161,522,51
20200406,OR,1132,20669,,,,27
20200406,PA,12980,70874,,,,162
20200406,PR,513,3432,1000,,,21
20200406,RI,1082,7399,,109,35,27
20200406,SC,2049,16927,,,,44
20200406,SD,288,5732,0,,91,4
20200406,TN,3802,43548,,,356,65
20200406,TX,7276,78081,,1153,38,140
20200406,UT,1675,31719,,,,13
20200406,VA,2878,21643,,,,54
20200406,VI,43,222,20,,36,1
20200406,VT,543,6090,,28,15,23
20200406,WA,8679,83391,,638,,378
20200406,WI,2440,26574,,,,77
20200406,WV,345,9595,,,,4
20200406,WY,210,3719,,,52,0
20200405,AK,185,6099,,,,6
20200405,AL,1796,11282,,,,45
20200405,AR,830,10412,,67,97,16
20200405,AS,0,3,2,,,0
20200405,AZ,2269,25141,,,,64
20200405,CA,13438,103095,15000,2398,,319
20200405,CO,4565,19335,,,,126
20200405,CT,5675,17595,,1142,,189
20200405,DC,998,5836,,,258,22
20200405,DE,673,6321,,101,71,14
20200405,FL,12151,101253,1129,,,218
20200405,GA,6647,21185,,,,211
20200405,GU,112,493,,21,23,4
20200405,HI,351,12604,,,82,4
20200405,IA,868,9973,,91,188,22
20200405,ID,1077,9184,,,,10
20200405,IL,11256,47727,,,,274
20200405,IN,4411,18241,,,,127
20200405,KS,747,7476,,,,22
20200405,KY,917,15746,,,,40
20200405,LA,13010,47315,,1803,,477
20200405,MA,12500,59437,,,,231
20200405,MD,3609,24728,,,159,67
20200405,ME,470,6088,,,156,10
20200405,MI,17567,40331,,,56,617
20200405,MN,935,25842,,106,451,29
20200405,MO,2367,24882,,424,,34
20200405,MP,8,13,10,,,1
20200405,MS,1638,5580,,,,43
20200405,MT,286,6317,,,,6
20200405,NC,2585,37460,,261,,31
20200405,ND,207,6580,,20,63,3
20200405,NE,363,5558,12,,,8
20200405,NH,621,7411,93,,146,9
20200405,NJ,37505,44661,,4000,,917
20200405,NM,543,16285,,37,54,11
20200405,NV,1836,14995,,,,46
20200405,NY,122031,180249,,16479,12187,4159
20200405,OH,4043,39713,,,,119
20200405,OK,1252,1401,,,,46
20200405,OR,1068,19556,,,,27
20200405,PA,11510,66261,,,,150
20200405,PR,475,3073,1039,,,20
20200405,RI,922,6259,,103,35,25
20200405,SC,2049,16927,,,,44
20200405,SD,240,5353,,,84,2
20200405,TN,3633,41667,,,295,44
20200405,TX,6812,64126,,827,38,127
20200405,UT,1605,29287,,,,8
20200405,VA,2637,21034,,,,51
20200405,VI,42,206,18,,34,1
20200405,VT,512,6070,,29,15,22
20200405,WA,8332,80327,,581,,365
20200405,WI,2267,25169,,,,68
20200405,WV,324,8514,,,,3
20200405,WY,197,3040,,,50,0
20200404,AK,171,5869,,,,5
20200404,AL,1580,9273,,,,43
20200404,AR,743,9627,,72,79,14
20200404,AS,0,3,2,,,0
20200404,AZ,2019,25141,,,,52
20200404,CA,12026,101674,13000,2300,,276
20200404,CO,4173,17898,,,,111
20200404,CT,5276,16753,,1033,,165
20200404,DC,902,5536,,,235,21
20200404,DE,593,5874,,95,71,14
20200404,FL,11111,90956,1281,,,191
20200404,GA,6160,20134,,,,201
20200404,GU,93,472,,20,20,4
20200404,HI,319,11959,,,78,3
20200404,IA,786,9454,,85,188,14
20200404,ID,1013,7857,,,,10
20200404,IL,10357,43224,,,,243
20200404,IN,3953,15847,,,,116
20200404,KS,698,6880,,,,21
20200404,KY,831,14741,,,,37
20200404,LA,12496,46002,,1726,,409
20200404,MA,11736,57064,,,,216
20200404,MD,3125,22485,,,159,53
20200404,ME,456,6088,,,140,10
20200404,MI,16395,37405,,,56,540
20200404,MN,865,24558,,95,440,24
20200404,MO,2291,22614,,413,,24
20200404,MP,8,13,10,,,1
20200404,MS,1455,5133,,,,35
20200404,MT,265,5912,,,,5
20200404,NC,2402,36371,,271,,24
20200404,ND,186,6021,,,63,3
20200404,NE,321,5058,10,,,6
20200404,NH,540,6965,94,,144,7
20200404,NJ,34124,41232,,4000,,846
20200404,NM,495,15137,,41,26,10
20200404,NV,1742,14421,,,,46
20200404,NY,113704,169917,,15905,10478,3565
20200404,OH,3739,38132,,,,102
20200404,OK,1159,1362,,,,42
20200404,OR,999,16535,,,,26
20200404,PA,10017,60013,,,,136
20200404,PR,452,2605,1129,,,18
20200404,RI,806,5584,,93,35,17
20200404,SC,1917,16397,,,,40
20200404,SD,212,5012,1,,76,2
20200404,TN,3321,38070,,,416,43
20200404,TX,6110,57641,,196,38,105
20200404,UT,1428,26615,,,,8
20200404,VA,2407,19145,,,,52
20200404,VI,40,184,42,,34,
20200404,VT,461,5383,,29,15,20
20200404,WA,7934,75633,,574,,345
20200404,WI,2112,23859,,,,56
20200404,WV,282,7404,,,,2
20200404,WY,187,2945,,,49,0
20200403,AK,157,5859,,,,3
20200403,AL,1432,8187,,,,35
20200403,AR,704,8995,,71,60,12
20200403,AS,0,3,2,,,0
20200403,AZ,1769,22904,,,,41
20200403,CA,10701,24599,59500,2188,,237
20200403,CO,3728,16683,,,,97
20200403,CT,4914,15101,,909,,131
20200403,DC,757,4827,,,206,15
20200403,DE,450,4995,,63,71,14
20200403,FL,9585,82137,1225,,,163
20200403,GA,5831,19434,,,,184
20200403,GU,84,459,,19,14,4
20200403,HI,285,10206,,,72,2
20200403,IA,699,8754,,80,188,11
20200403,ID,891,7054,,,,9
20200403,IL,8904,39144,,,,210
20200403,IN,3437,14398,,,,102
20200403,KS,620,6454,,,,17
20200403,KY,770,12034,,,,31
20200403,LA,10297,43348,,1707,,370
20200403,MA,10402,52560,,,,192
20200403,MD,2758,20932,,,159,42
20200403,ME,432,6088,,,113,9
20200403,MI,15252,33670,,,56,479
20200403,MN,789,23438,,86,,22
20200403,MO,2113,19357,,,,19
20200403,MP,8,13,10,,,1
20200403,MS,1358,4753,,,,29
20200403,MT,243,5333,,,,5
20200403,NC,2093,29505,,184,,19
20200403,ND,173,5625,,,55,3
20200403,NE,279,4487,11,,,6
20200403,NH,479,6575,114,,101,5
20200403,NJ,29895,37608,,3016,,646
20200403,NM,403,14375,,31,26,7
20200403,NV,1514,13018,,,,43
20200403,NY,102863,157657,,14810,8886,2935
20200403,OH,3312,35063,,,,91
20200403,OK,988,1315,,171,383,38
20200403,OR,899,16535,,188,,22
20200403,PA,8420,53695,,,,102
20200403,PR,378,2049,1055,,,15
20200403,RI,709,4857,,77,35,14
20200403,SC,1554,5441,,,,31
20200403,SD,187,4593,3,,69,2
20200403,TN,3067,34772,,,248,37
20200403,TX,5330,50434,,196,38,90
20200403,UT,1246,23002,,,,7
20200403,VA,2012,16993,,,,46
20200403,VI,38,154,56,,29,
20200403,VT,389,4839,,29,15,17
20200403,WA,7548,72833,,,,325
20200403,WI,1912,22377,,,,37
20200403,WV,237,6130,,,,2
20200403,WY,162,2704,,,37,0
20200402,AK,143,4879,,,,3
20200402,AL,1233,7503,,,,32
20200402,AR,643,7880,,66,47,12
20200402,AS,0,3,2,,,0
20200402,AZ,1598,21111,,,,32
20200402,CA,9191,23809,59500,1922,,203
20200402,CO,3342,15303,,,,80
20200402,CT,3824,14476,,827,,112
20200402,DC,653,4417,,,173,12
20200402,DE,393,4566,,56,49,12
20200402,FL,8010,69286,1285,,,128
20200402,GA,5348,17609,,,,163
20200402,GU,82,442,,19,12,3
20200402,HI,258,10206,,,69,1
20200402,IA,614,8054,,74,46,11
20200402,ID,669,6613,,,,9
20200402,IL,7695,35961,,,,157
20200402,IN,3039,13246,,,,78
20200402,KS,552,6059,,,,13
20200402,KY,680,7220,,,,20
20200402,LA,9150,41936,,1639,,310
20200402,MA,8966,47642,,,,154
20200402,MD,2331,18890,,,81,36
20200402,ME,376,6088,,,94,7
20200402,MI,14117,30368,,,,417
20200402,MN,742,21652,,75,,18
20200402,MO,1834,17849,,,,19
20200402,MP,8,13,12,,,1
20200402,MS,1177,4753,,,,26
20200402,MT,227,5093,,,,5
20200402,NC,1857,26822,,184,,16
20200402,ND,159,4821,,,43,3
20200402,NE,246,3978,11,,,5
20200402,NH,415,6078,126,,91,4
20200402,NJ,25590,33520,,2000,,537
20200402,NM,363,13648,,31,26,6
20200402,NV,1458,12588,,,,38
20200402,NY,92381,146584,,13383,7434,2373
20200402,OH,2902,32016,,,,81
20200402,OK,879,1265,,182,,34
20200402,OR,826,15259,,134,,21
20200402,PA,7016,47698,,,,90
20200402,PR,316,1604,1119,,,12
20200402,RI,657,4412,,72,35,12
20200402,SC,1554,5441,,,,31
20200402,SD,165,4217,0,,57,2
20200402,TN,2845,31766,,,220,32
20200402,TX,4669,46010,,196,38,70
20200402,UT,1074,20155,,,,7
20200402,VA,1706,15883,,246,,41
20200402,VI,33,149,42,,25,
20200402,VT,338,4711,,29,15,17
20200402,WA,6962,68814,,,,296
20200402,WI,1730,20317,,,,31
20200402,WV,217,5276,,,,2
20200402,WY,150,2439,,,31,0
20200401,AK,133,4470,,,,3
20200401,AL,1077,6697,,,,26
20200401,AR,584,7354,,56,42,10
20200401,AS,0,3,2,,,0
20200401,AZ,1413,19645,,,,29
20200401,CA,8155,21772,57400,1855,,171
20200401,CO,2966,13883,,,,69
20200401,CT,3557,13043,,766,,85
20200401,DC,586,3262,2,,142,11
20200401,DE,368,4015,,51,49,11
20200401,FL,6955,59529,1235,,,87
20200401,GA,4638,15688,,,,139
20200401,GU,77,406,,19,9,3
20200401,HI,208,8721,,,58,1
20200401,IA,549,7304,,63,118,9
20200401,ID,525,6076,,,,9
20200401,IL,6980,33404,,,,141
20200401,IN,2565,11810,,,,65
20200401,KS,482,5411,,,,10
20200401,KY,591,6965,,,,17
20200401,LA,6424,39352,,1498,,273
20200401,MA,7738,44000,,,,122
20200401,MD,1985,17233,,,,31
20200401,ME,344,6088,,,80,7
20200401,MI,12888,27237,,,,337
20200401,MN,689,20502,,54,,17
20200401,MO,1581,15846,,,,18
20200401,MP,6,,,,,
20200401,MS,1073,3712,,,,22
20200401,MT,208,4710,,,,5
20200401,NC,1584,24659,,204,,10
20200401,ND,142,4351,,,34,3
20200401,NE,210,3475,8,,,4
20200401,NH,415,5985,97,,56,4
20200401,NJ,22255,30387,,2000,,355
20200401,NM,315,12925,,24,26,5
20200401,NV,1279,11519,,,,26
20200401,NY,83712,137168,,12226,6142,1941
20200401,OH,2547,26992,,,,65
20200401,OK,719,1248,,174,,30
20200401,OR,736,13136,,132,,18
20200401,PA,5805,42427,,,,74
20200401,PR,286,1409,897,,,11
20200401,RI,566,3831,,60,35,10
20200401,SC,1293,5033,,,,26
20200401,SD,129,3903,0,,51,2
20200401,TN,2683,29769,,,137,24
20200401,TX,3997,43860,,196,38,58
20200401,UT,1012,20155,,,,7
20200401,VA,1484,13860,,,,34
20200401,VI,30,126,24,,21,
20200401,VT,321,4174,,30,15,16
20200401,WA,6593,60566,,,,270
20200401,WI,1550,18819,,,,24
20200401,WV,191,4384,,,,1
20200401,WY,130,2218,,,31,0
20200331,AK,119,3594,,,,3
20200331,AL,981,6298,,,,13
20200331,AR,523,5959,,64,35,8
20200331,AS,0,3,2,,,0
20200331,AZ,1289,18082,,,,24
20200331,CA,7482,21772,57400,1617,,153
20200331,CO,2627,12737,,,,51
20200331,CT,3128,13029,,608,,69
20200331,DC,495,3262,2,,121,9
20200331,DE,319,3696,,57,22,10
20200331,FL,6338,54285,1163,,,77
20200331,GA,3929,12252,,,,111
20200331,GU,69,371,,19,7,2
20200331,HI,204,8471,,,49,
20200331,IA,497,6888,,61,33,7
20200331,ID,415,5297,,,,7
20200331,IL,5994,29231,,,,99
20200331,IN,2159,11214,,,,49
20200331,KS,428,4996,,,,9
20200331,KY,480,6330,,,,11
20200331,LA,5237,33730,,1355,,239
20200331,MA,6620,40315,,,,89
20200331,MD,1660,14868,,,,18
20200331,ME,303,6088,,,68,5
20200331,MI,11875,23979,,,,259
20200331,MN,629,19151,,56,,12
20200331,MO,1327,14614,,,,14
20200331,MP,2,,,,,
20200331,MS,937,3537,,,,20
20200331,MT,184,4234,,,,4
20200331,NC,1498,21608,,157,,8
20200331,ND,126,4131,,,30,3
20200331,NE,172,2931,8,,,3
20200331,NH,314,5413,65,,,3
20200331,NJ,18696,27077,,2000,,267
20200331,NM,281,12246,,22,26,4
20200331,NV,1113,10681,,,,17
20200331,NY,75795,129391,,10929,4975,1550
20200331,OH,2199,26992,,,,55
20200331,OK,565,1229,,,,23
20200331,OR,690,13136,,132,,18
20200331,PA,4843,37645,,,,63
20200331,PR,239,1195,854,,,8
20200331,RI,489,3476,,59,35,8
20200331,SC,1083,4616,,,,22
20200331,SD,108,3609,0,,44,1
20200331,TN,2239,25121,,,121,23
20200331,TX,3266,39726,,196,38,41
20200331,UT,887,17626,,,,5
20200331,VA,1250,12151,,,,27
20200331,VI,30,126,24,,21,
20200331,VT,293,3957,,21,15,13
20200331,WA,6030,60566,,,,252
20200331,WI,1351,17375,,,,16
20200331,WV,162,3981,,,,1
20200331,WY,109,1999,,,26,0
20200330,AK,114,3540,,,,3
20200330,AL,859,5694,,,,6
20200330,AR,473,5262,,62,29,7
20200330,AS,,,,,,0
20200330,AZ,1157,15602,,,,20
20200330,CA,6447,20549,64400,1432,,133
20200330,CO,2627,12737,,,,51
20200330,CT,2571,12029,,517,,36
20200330,DC,401,2682,2,,106,9
20200330,DE,264,2216,,45,9,6
20200330,FL,5473,48225,,,,63
20200330,GA,2809,9915,,,,87
20200330,GU,58,352,,19,7,1
20200330,HI,175,7825,,,,
20200330,IA,424,6162,,51,23,6
20200330,ID,310,4396,,,,6
20200330,IL,5057,25389,,,,73
20200330,IN,1786,9872,,,,35
20200330,KS,368,4554,,,,8
20200330,KY,439,5579,,,,9
20200330,LA,4025,30008,,1185,,185
20200330,MA,5752,37041,,,,56
20200330,MD,1413,13316,,,,15
20200330,ME,275,3394,,,41,3
20200330,MI,10901,21183,,,,184
20200330,MN,576,18246,,56,,10
20200330,MO,1031,13204,,,,13
20200330,MP,2,,,,,
20200330,MS,847,2989,,,,16
20200330,MT,171,4143,,,,4
20200330,NC,1307,19557,,137,,6
20200330,ND,109,3728,,,19,2
20200330,NE,145,2584,5,,,2
20200330,NH,314,5386,144,,,3
20200330,NJ,16636,25224,,2000,,198
20200330,NM,237,10942,,22,26,2
20200330,NV,1008,10207,,,,15
20200330,NY,66497,119971,,9517,4204,1218
20200330,OH,1933,25342,,,,39
20200330,OK,481,1207,,,,17
20200330,OR,606,12277,,132,,16
20200330,PA,4087,33777,,,,49
20200330,PR,174,931,794,,,6
20200330,RI,402,3187,,41,,4
20200330,SC,925,4160,,,,18
20200330,SD,101,3478,0,,34,1
20200330,TN,1834,21470,,,,13
20200330,TX,2877,33003,,,38,34
20200330,UT,806,15197,,,,4
20200330,VA,1020,11018,,,,25
20200330,VI,30,126,24,,,
20200330,VT,256,3674,,,,12
20200330,WA,5566,60566,,,,239
20200330,WI,1221,15856,,,,14
20200330,WV,126,2984,0,,,1
20200330,WY,94,1840,,,24,0
20200329,AK,102,3232,,,,2
20200329,AL,806,4184,,,,4
20200329,AR,426,3027,,43,28,6
20200329,AS,,,,,,0
20200329,AZ,919,12953,,,,17
20200329,CA,5708,20549,64400,1034,,123
20200329,CO,2061,11215,,,,44
20200329,CT,1993,9907,,404,,34
20200329,DC,342,2469,1,,66,5
20200329,DE,232,36,,33,9,6
20200329,FL,4246,39070,,,,56
20200329,GA,2651,9913,,,,80
20200329,GU,56,334,,15,7,1
20200329,HI,151,6849,,,,
20200329,IA,336,5013,,51,17,4
20200329,ID,261,4021,,,,5
20200329,IL,4596,23166,,,,65
20200329,IN,1514,8316,,,,32
20200329,KS,319,4194,,,,6
20200329,KY,394,5147,,,,9
20200329,LA,3540,24331,,1127,,151
20200329,MA,4955,34111,,,,48
20200329,MD,1239,12354,,,,10
20200329,ME,253,3394,,,41,3
20200329,MI,10010,15676,,,,132
20200329,MN,503,17154,,39,252,9
20200329,MO,838,11547,,,,10
20200329,MP,2,,,,,
20200329,MS,758,2560,,,,14
20200329,MT,154,4143,,,,1
20200329,NC,1040,17905,,91,,4
20200329,ND,98,3355,,,18,1
20200329,NE,108,1968,4,,,2
20200329,NH,214,4524,285,,,2
20200329,NJ,13386,22216,,2000,,161
20200329,NM,237,10769,,19,2,2
20200329,NV,738,8412,,,,14
20200329,NY,59513,112847,,8503,3572,965
20200329,OH,1653,19012,,,,29
20200329,OK,429,1205,,,,16
20200329,OR,548,10878,,107,,13
20200329,PA,3394,30061,,,,38
20200329,PR,127,841,817,,,5
20200329,RI,294,2840,,35,,3
20200329,SC,774,3015,,,,16
20200329,SD,90,3127,1,,29,1
20200329,TN,1537,19037,,,,7
20200329,TX,2552,23208,,,,34
20200329,UT,719,13274,,,,2
20200329,VA,890,9719,,,,22
20200329,VI,23,123,37,,,
20200329,VT,235,3466,,,,12
20200329,WA,5102,54896,,,,228
20200329,WI,1112,16550,,,,13
20200329,WV,113,2705,0,,,0
20200329,WY,86,1554,,,20,0
20200328,AK,85,2836,,,,2
20200328,AL,696,4184,,,,3
20200328,AR,404,2938,,48,24,5
20200328,AS,,,,,,0
20200328,AZ,873,7455,21,,,15
20200328,CA,4643,20549,64400,1034,,101
20200328,CO,1734,9942,,,,31
20200328,CT,1291,7109,,173,,27
20200328,DC,304,2211,1,,51,4
20200328,DE,214,36,,31,9,3
20200328,FL,3763,35366,,,,54
20200328,GA,2366,8685,,,,69
20200328,GU,55,299,,15,7,1
20200328,HI,120,4357,,,,
20200328,IA,298,4375,,46,15,3
20200328,ID,230,3342,,,,4
20200328,IL,3491,22000,,,,47
20200328,IN,1232,7175,,,,31
20200328,KS,261,3671,,,,5
20200328,KY,302,4821,,,,8
20200328,LA,3315,21846,,927,,137
20200328,MA,4257,30792,,,,44
20200328,MD,992,11516,,,,5
20200328,ME,211,3394,,,36,1
20200328,MI,9287,14183,,,,92
20200328,MN,441,15688,,30,220,5
20200328,MO,838,10082,,,,10
20200328,MP,2,,,,,
20200328,MS,663,2560,,,,13
20200328,MT,129,3256,,,,1
20200328,NC,935,16592,,87,,4
20200328,ND,83,2809,,,16,1
20200328,NE,96,1904,,,,2
20200328,NH,187,3656,296,,,2
20200328,NJ,11124,19386,,2000,,140
20200328,NM,191,9196,,17,,1
20200328,NV,621,7901,,,,10
20200328,NY,52318,103616,,7328,2726,728
20200328,OH,1406,19012,,,,25
20200328,OK,377,1180,,,,15
20200328,OR,479,9693,,107,,13
20200328,PA,2751,25254,,,,34
20200328,PR,100,739,792,,,3
20200328,RI,239,2541,138,29,,
20200328,SC,539,2408,,,,13
20200328,SD,68,2592,0,,26,1
20200328,TN,1373,16965,,,,6
20200328,TX,2052,23208,,,,27
20200328,UT,602,10710,,,,2
20200328,VA,739,8427,,,,17
20200328,VI,22,106,55,,,
20200328,VT,211,2163,,,,12
20200328,WA,4707,49015,,,,211
20200328,WI,989,15232,,,,13
20200328,WV,96,2331,6,,,0
20200328,WY,82,1475,,,18,0
20200327,AK,69,2319,13,,,1
20200327,AL,587,4184,,,,3
20200327,AR,381,1545,,48,19,3
20200327,AS,,,,,,0
20200327,AZ,736,7455,30,,,13
20200327,CA,3879,17380,57400,746,,78
20200327,CO,1430,8692,,,,24
20200327,CT,1291,7109,,173,,27
20200327,DC,267,1897,2,,49,3
20200327,DE,163,36,,15,9,2
20200327,FL,2765,28186,1517,,,34
20200327,GA,2001,7864,,,,64
20200327,GU,51,299,,13,,1
20200327,HI,106,4357,,,,
20200327,IA,235,3740,,32,18,3
20200327,ID,189,2668,,,,3
20200327,IL,3026,18516,,,,34
20200327,IN,981,5955,,,,24
20200327,KS,202,3229,,,,4
20200327,KY,248,3768,,,,6
20200327,LA,2746,18613,,773,,119
20200327,MA,3240,26131,,,,35
20200327,MD,774,94,,,25,5
20200327,ME,168,3394,,,24,1
20200327,MI,8659,12639,,,,92
20200327,MN,398,13605,,34,180,4
20200327,MO,669,369,,,,8
20200327,MP,0,,,,,0
20200327,MS,579,2560,,,,8
20200327,MT,108,2590,,,,
20200327,NC,763,14373,,77,,3
20200327,ND,65,2427,,,15,0
20200327,NE,85,1761,,,,0
20200327,NH,158,3395,592,,,1
20200327,NJ,8825,16547,,2000,,108
20200327,NM,136,8377,,,,1
20200327,NV,535,6161,,,,10
20200327,NY,44635,101118,,6481,2045,519
20200327,OH,1137,19012,,,,19
20200327,OK,322,1084,,,,8
20200327,OR,414,8510,,91,,12
20200327,PA,2218,21016,,,,22
20200327,PR,79,519,334,,,3
20200327,RI,203,2306,138,28,,
20200327,SC,456,2307,,,,9
20200327,SD,58,2387,20,,21,1
20200327,TN,1203,14888,,,,6
20200327,TX,1731,21935,,,,23
20200327,UT,480,8764,,,,2
20200327,VA,604,6733,,,,14
20200327,VI,19,55,2,,,
20200327,VT,184,2077,,,,10
20200327,WA,4238,43173,,,,191
20200327,WI,842,13140,,,,13
20200327,WV,76,1779,43,,,0
20200327,WY,70,1211,,,17,0
20200326,AK,59,1801,,,,1
20200326,AL,506,3593,,,,1
20200326,AR,335,1504,,41,13,3
20200326,AS,,,,,,0
20200326,AZ,577,347,33,,,8
20200326,CA,3006,17380,57400,,,65
20200326,CO,1086,6978,,,,19
20200326,CT,1012,5625,,125,,21
20200326,DC,231,1626,1,,21,3
20200326,DE,130,36,,13,4,1
20200326,FL,2355,23741,1443,,,28
20200326,GA,1525,7401,,,,48
20200326,GU,45,263,,11,,1
20200326,HI,95,4357,,,,
20200326,IA,179,2578,,31,15,1
20200326,ID,123,2065,,,,0
20200326,IL,2538,14093,,,,26
20200326,IN,645,4006,,,,17
20200326,KS,168,2869,,,,3
20200326,KY,198,3102,,,,4
20200326,LA,2305,15724,,676,,83
20200326,MA,2417,21204,,,,25
20200326,MD,580,94,,,,4
20200326,ME,155,3394,,,16,
20200326,MI,7767,10305,,,,60
20200326,MN,346,12604,,31,,2
20200326,MO,502,369,,,,8
20200326,MP,0,,,,,0
20200326,MS,485,2291,,,,6
20200326,MT,71,2128,,,,
20200326,NC,636,12274,,29,,2
20200326,ND,52,2039,,,,0
20200326,NE,73,1584,,,,0
20200326,NH,137,3001,712,,,1
20200326,NJ,6876,13661,,1080,,81
20200326,NM,112,7681,,,,1
20200326,NV,420,4697,,,,10
20200326,NY,37258,84846,,5327,,385
20200326,OH,867,16449,,,,15
20200326,OK,248,958,,,,7
20200326,OR,327,6953,,,,11
20200326,PA,1687,16441,,,,16
20200326,PR,64,377,335,,,2
20200326,RI,165,1262,181,23,,
20200326,SC,456,2307,,,,9
20200326,SD,46,1973,125,,16,1
20200326,TN,957,13952,,,,3
20200326,TX,1396,20028,,,,18
20200326,UT,402,7308,,,,1
20200326,VA,460,5729,,,,13
20200326,VI,17,55,2,,,
20200326,VT,158,1850,,,,9
20200326,WA,3745,31712,,,,177
20200326,WI,707,11583,,,,8
20200326,WV,51,1031,19,,,0
20200326,WY,53,1052,,,12,
20200325,AK,42,1649,,,,1
20200325,AL,283,2529,,,,0
20200325,AR,280,1437,,22,11,2
20200325,AS,,,,,,0
20200325,AZ,450,323,53,,,6
20200325,CA,2355,15921,48600,,,53
20200325,CO,912,6789,,,,11
20200325,CT,875,5023,,113,,19
20200325,DC,183,1423,3,,,2
20200325,DE,115,36,,11,,0
20200325,FL,1682,15374,1233,,,22
20200325,GA,1247,4932,,,,40
20200325,GU,37,233,,10,,1
20200325,HI,90,4357,,,,
20200325,IA,145,2578,,23,,1
20200325,ID,73,1887,,,,0
20200325,IL,1865,12344,,,,19
20200325,IN,477,2879,,,,14
20200325,KS,126,2360,,,,3
20200325,KY,157,2865,,,,4
20200325,LA,1795,9656,,491,,65
20200325,MA,1838,17956,,,,15
20200325,MD,423,94,,,,4
20200325,ME,149,3177,,,7,
20200325,MI,7060,7537,,,,43
20200325,MN,287,11188,,26,122,1
20200325,MO,356,369,,,,8
20200325,MP,0,,,,,0
20200325,MS,377,1566,,,,2
20200325,MT,53,1948,,,,
20200325,NC,504,9985,,29,,1
20200325,ND,39,1734,,,,0
20200325,NE,61,1304,,,,0
20200325,NH,108,2356,804,,,1
20200325,NJ,4402,10452,,,,62
20200325,NM,100,6742,,,,1
20200325,NV,321,4251,,,,6
20200325,NY,30811,72668,,,,285
20200325,OH,704,14060,,,,10
20200325,OK,164,805,,,,5
20200325,OR,209,4350,,,,8
20200325,PA,1127,11193,,,,11
20200325,PR,51,317,70,,,2
20200325,RI,132,1262,196,15,,
20200325,SC,424,2303,,,,7
20200325,SD,41,819,268,,,1
20200325,TN,784,11012,,,,3
20200325,TX,974,12520,,,,12
20200325,UT,346,6491,,,,1
20200325,VA,391,4979,,,,9
20200325,VI,17,55,2,,,
20200325,VT,123,1589,,,,8
20200325,WA,3275,31712,,,,155
20200325,WI,585,10089,,,,7
20200325,WV,39,759,6,,,0
20200325,WY,44,954,,,7,
20200324,AK,36,986,,,,
20200324,AL,215,2106,,,,0
20200324,AR,218,947,,22,,0
20200324,AS,,,,,,0
20200324,AZ,357,313,22,,,5
20200324,CA,2102,13452,12100,,,40
20200324,CO,720,5504,,,,7
20200324,CT,618,4682,,71,,12
20200324,DC,137,1195,2,,,2
20200324,DE,91,36,,,,0
20200324,FL,1412,13127,1008,,,18
20200324,GA,1026,4458,,,,32
20200324,GU,32,201,,5,,1
20200324,HI,77,3589,,,,
20200324,IA,124,2315,,,,
20200324,ID,50,1887,,,,0
20200324,IL,1535,9934,,,,16
20200324,IN,365,2566,,,,12
20200324,KS,98,2086,,,,2
20200324,KY,124,1762,,,,4
20200324,LA,1388,7215,,271,,46
20200324,MA,1159,12590,,,,11
20200324,MD,349,94,,,,3
20200324,ME,125,3014,,,,
20200324,MI,6441,5796,,,,24
20200324,MN,262,5550,,,,1
20200324,MO,183,369,,,,3
20200324,MP,0,,,,,0
20200324,MS,320,1552,,,,1
20200324,MT,46,1643,,,,
20200324,NC,398,8141,,,,0
20200324,ND,34,1454,,,,0
20200324,NE,52,975,,,,0
20200324,NH,101,1447,869,,,1
20200324,NJ,3675,8325,45,,,44
20200324,NM,83,5890,,,,
20200324,NV,278,3954,,,,4
20200324,NY,25665,65605,,,,210
20200324,OH,564,140,,,,8
20200324,OK,106,735,,,,3
20200324,OR,209,4350,,,,8
20200324,PA,851,8643,,,,7
20200324,PR,39,268,42,,,2
20200324,RI,124,1200,77,,,
20200324,SC,298,2012,,,,5
20200324,SD,30,790,268,,,1
20200324,TN,667,10517,,,,2
20200324,TX,410,10757,,,,9
20200324,UT,299,5524,,,,1
20200324,VA,290,4180,,,,7
20200324,VI,17,,,,,
20200324,VT,95,1440,,,,7
20200324,WA,2823,31712,,,,142
20200324,WI,457,8237,,,,5
20200324,WV,20,610,0,,,0
20200324,WY,29,710,,,,
20200323,AK,22,946,,,,
20200323,AL,167,1665,,,,0
20200323,AR,174,906,,13,,0
20200323,AS,,,,,,0
20200323,AZ,265,309,6,,,2
20200323,CA,1733,12567,12100,,,27
20200323,CO,591,4845,,,,6
20200323,CT,415,4085,,54,,10
20200323,DC,116,1113,,,,2
20200323,DE,68,36,,,,0
20200323,FL,1171,11063,860,,,14
20200323,GA,772,4297,,,,25
20200323,GU,29,161,,,,1
20200323,HI,56,2955,,,,
20200323,IA,105,2043,,,,
20200323,ID,47,1309,,,,0
20200323,IL,1273,8583,,,,12
20200323,IN,259,1701,,,,7
20200323,KS,82,417,,,,2
20200323,KY,104,1762,,,,3
20200323,LA,1172,4776,,,,34
20200323,MA,777,8145,,,,9
20200323,MD,288,94,,,,3
20200323,ME,107,2791,,,,
20200323,MI,5789,4697,,,,15
20200323,MN,235,4511,,,,1
20200323,MO,183,369,,,,3
20200323,MP,0,,,,,0
20200323,MS,249,1143,,,,1
20200323,MT,34,1146,,,,
20200323,NC,297,8141,,,,0
20200323,ND,30,1353,,,,0
20200323,NE,50,356,,,,0
20200323,NH,78,1374,889,,,
20200323,NJ,2844,359,94,,,27
20200323,NM,65,5321,,,,
20200323,NV,245,3490,,,,4
20200323,NY,20875,57414,,,,114
20200323,OH,442,140,,,,6
20200323,OK,81,694,102,,,2
20200323,OR,191,3649,,,,5
20200323,PA,644,6595,,,,6
20200323,PR,31,189,35,,,2
20200323,RI,106,1143,216,,,
20200323,SC,298,1466,,,,5
20200323,SD,28,762,265,,,1
20200323,TN,615,3272,,,,2
20200323,TX,352,9703,,,,8
20200323,UT,257,4790,,,,1
20200323,VA,254,3443,,,,6
20200323,VI,17,,,,,
20200323,VT,75,1106,,,,5
20200323,WA,2450,28879,,,,133
20200323,WI,416,7050,,,,5
20200323,WV,16,444,4,,,0
20200323,WY,26,592,,,,
20200322,AK,22,946,,,,
20200322,AL,138,1464,,,,0
20200322,AR,165,711,119,13,,0
20200322,AS,,,,,,0
20200322,AZ,152,282,87,,,2
20200322,CA,1536,11304,,,,27
20200322,CO,475,4075,,,,5
20200322,CT,223,2877,,43,,5
20200322,DC,98,957,,,,1
20200322,DE,56,36,,,,0
20200322,FL,830,7990,963,,,13
20200322,GA,600,3420,,,,23
20200322,GU,27,126,,,,1
20200322,HI,48,263,,,,
20200322,IA,90,1215,,,,
20200322,ID,42,1175,,,,0
20200322,IL,1049,7271,,,,9
20200322,IN,201,1293,,,,6
20200322,KS,64,417,,,,2
20200322,KY,99,1472,,,,3
20200322,LA,837,2661,,,,20
20200322,MA,646,5459,,,,5
20200322,MD,244,94,,,,3
20200322,ME,89,2264,,,,
20200322,MI,5098,3712,,,,8
20200322,MN,169,4511,,,,1
20200322,MO,90,369,,,,3
20200322,MP,0,,,,,0
20200322,MS,207,1114,,,,1
20200322,MT,31,1146,,,,
20200322,NC,255,6183,,,,0
20200322,ND,28,1260,,,,0
20200322,NE,48,356,,,,0
20200322,NH,65,1188,959,,,
20200322,NJ,1914,327,49,,,20
20200322,NM,57,4722,,,,
20200322,NV,190,2448,,,,2
20200322,NY,15168,46233,,,,114
20200322,OH,351,140,,,,3
20200322,OK,67,669,102,,,2
20200322,OR,161,2864,,,,4
20200322,PA,479,4964,,,,2
20200322,PR,23,183,69,,,
20200322,RI,83,932,216,,,
20200322,SC,195,1466,,,,3
20200322,SD,21,740,277,,,1
20200322,TN,505,3272,,,,
20200322,TX,334,8422,,,,5
20200322,UT,181,3508,,,,1
20200322,VA,219,3118,,,,3
20200322,VI,6,,,,,
20200322,VT,52,1106,,,,2
20200322,WA,2242,25328,,,,122
20200322,WI,385,6230,,,,4
20200322,WV,12,385,1,,,0
20200322,WY,24,438,,,,
20200321,AK,14,758,,,,
20200321,AL,124,28,,,,0
20200321,AR,118,567,154,,,
20200321,AS,,,,,,0
20200321,AZ,104,240,122,,,1
20200321,CA,1279,11249,,,,24
20200321,CO,363,3317,,,,4
20200321,CT,194,2106,,,,4
20200321,DC,77,506,0,,,1
20200321,DE,45,36,,,,0
20200321,FL,658,6579,1002,,,12
20200321,GA,507,2557,,,,14
20200321,GU,15,108,,,,
20200321,HI,37,124,,,,
20200321,IA,68,1049,,,,
20200321,ID,31,880,,,,
20200321,IL,753,5488,,,,6
20200321,IN,126,707,,,,4
20200321,KS,55,417,,,,2
20200321,KY,54,714,,,,2
20200321,LA,585,2180,,,,16
20200321,MA,525,4752,,,,1
20200321,MD,190,94,,,,2
20200321,ME,73,2264,,,,
20200321,MI,4543,3696,,,,5
20200321,MN,138,3952,,,,1
20200321,MO,73,369,,,,3
20200321,MP,0,,,,,0
20200321,MS,140,695,,,,1
20200321,MT,20,1146,,,,
20200321,NC,184,5092,,,,0
20200321,ND,28,1141,,,,0
20200321,NE,38,356,,,,0
20200321,NH,55,973,942,,,
20200321,NJ,1327,294,40,,,16
20200321,NM,57,3771,,,,
20200321,NV,124,2384,,,,2
20200321,NY,10356,35081,,,,44
20200321,OH,247,140,,,,3
20200321,OK,53,560,144,,,1
20200321,OR,114,2003,433,,,3
20200321,PA,371,3766,,,,2
20200321,PR,21,143,71,,,
20200321,RI,66,862,290,,,
20200321,SC,152,1255,,,,1
20200321,SD,14,691,268,,,1
20200321,TN,371,3272,,,,
20200321,TX,304,6218,,,,5
20200321,UT,136,2424,,,,0
20200321,VA,152,2638,,,,2
20200321,VI,6,,,,,
20200321,VT,29,779,,,,2
20200321,WA,2006,21719,,,,108
20200321,WI,281,4628,,,,4
20200321,WV,11,330,2,,,0
20200321,WY,23,438,,,,
20200320,AK,12,686,,,,
20200320,AL,81,28,,,,0
20200320,AR,96,351,203,,,
20200320,AS,,,,,,0
20200320,AZ,65,211,101,,,0
20200320,CA,1063,10424,,,,20
20200320,CO,277,2675,,,,3
20200320,CT,194,604,,,,3
20200320,DC,71,501,1,,,1
20200320,DE,38,36,,,,0
20200320,FL,520,1870,1026,,,10
20200320,GA,420,1966,,,,13
20200320,GU,14,86,,,,
20200320,HI,26,124,,,,
20200320,IA,45,642,,,,
20200320,ID,23,590,,,,
20200320,IL,585,3696,,,,5
20200320,IN,79,475,,,,2
20200320,KS,44,417,,,,1
20200320,KY,47,592,,,,1
20200320,LA,479,568,,,,12
20200320,MA,413,3678,,,,1
20200320,MD,149,94,,,,1
20200320,ME,57,2264,,,,
20200320,MI,4027,2746,,,,3
20200320,MN,115,3741,,,,
20200320,MO,47,369,,,,1
20200320,MP,0,,,,,0
20200320,MS,80,695,,,,1
20200320,MT,16,931,,,,
20200320,NC,137,3096,,,,0
20200320,ND,20,800,,,,0
20200320,NE,32,240,,,,0
20200320,NH,44,745,631,,,
20200320,NJ,890,264,86,,,11
20200320,NM,43,3771,,,,
20200320,NV,109,1992,,,,1
20200320,NY,7102,25325,,,,35
20200320,OH,169,140,,,,1
20200320,OK,49,538,374,,,1
20200320,OR,114,2003,433,,,3
20200320,PA,268,2574,,,,1
20200320,PR,14,114,52,,,
20200320,RI,54,800,140,,,
20200320,SC,81,833,,,,1
20200320,SD,14,663,270,,,1
20200320,TN,228,563,,,,
20200320,TX,194,5083,,,,5
20200320,UT,112,2035,,,,0
20200320,VA,114,2211,,,,2
20200320,VI,3,,,,,
20200320,VT,29,779,,,,2
20200320,WA,1773,19336,,,,102
20200320,WI,206,3455,,,,3
20200320,WV,7,219,13,,,0
20200320,WY,19,331,,,,
20200319,AK,6,432,,,,
20200319,AL,68,28,,,,0
20200319,AR,46,310,113,,,
20200319,AS,,,,,,0
20200319,AZ,44,175,130,,,0
20200319,CA,924,8787,,,,18
20200319,CO,216,2112,,,,2
20200319,CT,96,604,,,,1
20200319,DC,39,153,11,,,0
20200319,DE,30,36,,,,0
20200319,FL,390,1533,1019,,,8
20200319,GA,287,1544,,,,10
20200319,GU,12,69,,,,
20200319,HI,16,93,,,,
20200319,IA,38,83,,,,
20200319,ID,11,459,,,,
20200319,IL,422,2725,,,,4
20200319,IN,56,324,,,,2
20200319,KS,34,417,,,,1
20200319,KY,35,454,,,,1
20200319,LA,347,458,,,,8
20200319,MA,328,2804,,,,
20200319,MD,107,94,,,,1
20200319,ME,53,2004,,,,
20200319,MI,3392,1785,,,,3
20200319,MN,89,2949,,,,
20200319,MO,24,308,,,,1
20200319,MP,0,,,,,0
20200319,MS,50,552,,,,
20200319,MT,12,761,,,,
20200319,NC,97,2408,,,,0
20200319,ND,15,493,,,,0
20200319,NE,27,240,,,,0
20200319,NH,39,621,231,,,
20200319,NJ,742,210,74,,,9
20200319,NM,35,2762,,,,
20200319,NV,95,1626,,,,1
20200319,NY,4152,18132,,,,12
20200319,OH,119,140,,,,
20200319,OK,44,466,250,,,1
20200319,OR,88,1329,437,,,3
20200319,PA,185,1608,,,,1
20200319,PR,5,56,29,,,
20200319,RI,44,654,334,,,
20200319,SC,60,583,,,,1
20200319,SD,11,551,385,,,1
20200319,TN,154,349,,,,
20200319,TX,143,2212,,,,3
20200319,UT,78,1448,,,,0
20200319,VA,94,1829,,,,2
20200319,VI,3,,,,,
20200319,VT,22,645,,,,
20200319,WA,1535,15918,,,,91
20200319,WI,155,2192,,,,
20200319,WV,2,143,3,,,0
20200319,WY,18,271,,,,
20200318,AK,6,406,,,,
20200318,AL,46,28,,,,0
20200318,AR,33,236,50,,,
20200318,AS,,,,,,0
20200318,AZ,28,148,102,,,0
20200318,CA,611,7981,,,,13
20200318,CO,183,1617,,,,2
20200318,CT,68,125,,,,
20200318,DC,31,138,1,,,
20200318,DE,25,36,,,,
20200318,FL,314,1225,954,,,7
20200318,GA,197,1311,,,,1
20200318,GU,8,57,,,,
20200318,HI,14,93,,,,
20200318,IA,29,83,,,,
20200318,ID,9,459,,,,
20200318,IL,288,1763,,,,1
20200318,IN,39,154,,,,2
20200318,KS,16,417,,,,1
20200318,KY,26,354,,,,1
20200318,LA,240,335,,,,6
20200318,MA,256,2015,,,,
20200318,MD,85,94,,,,
20200318,ME,43,1670,,,,
20200318,MI,2913,1215,,,,
20200318,MN,77,2685,,,,
20200318,MO,13,253,,,,0
20200318,MP,0,,,,,0
20200318,MS,34,479,,,,
20200318,MT,10,499,,,,
20200318,NC,63,1787,,,,0
20200318,ND,6,268,,,,0
20200318,NE,24,206,,,,
20200318,NH,26,513,208,,,
20200318,NJ,427,190,21,,,5
20200318,NM,28,2326,,,,
20200318,NV,55,168,,,,1
20200318,NY,2382,12215,,,,12
20200318,OH,88,140,,,,
20200318,OK,29,378,110,,,
20200318,OR,75,1118,361,,,3
20200318,PA,133,1187,,,,1
20200318,PR,5,31,21,,,
20200318,RI,33,540,334,,,
20200318,SC,60,583,,,,1
20200318,SD,11,551,350,,,1
20200318,TN,98,349,,,,
20200318,TX,83,1824,,,,2
20200318,UT,63,131,,,,0
20200318,VA,77,1201,,,,1
20200318,VI,2,,,,,
20200318,VT,19,592,,,,
20200318,WA,1388,13117,,,,81
20200318,WI,106,1577,,,,
20200318,WV,1,122,14,,,0
20200318,WY,15,178,,,,
20200317,AK,3,334,,,,
20200317,AL,36,28,,,,0
20200317,AR,22,197,41,,,
20200317,AS,,,,,,
20200317,AZ,20,142,66,,,0
20200317,CA,483,7981,,,,11
20200317,CO,160,1056,,,,1
20200317,CT,41,125,,,,
20200317,DC,22,104,0,,,
20200317,DE,16,36,,,,
20200317,FL,186,940,872,,,6
20200317,GA,146,,,,,1
20200317,GU,5,41,,,,
20200317,HI,10,,,,,
20200317,IA,23,83,,,,
20200317,ID,7,346,,,,
20200317,IL,159,1340,,,,1
20200317,IN,30,129,,,,2
20200317,KS,15,382,,,,1
20200317,KY,22,295,,,,1
20200317,LA,171,286,,,,4
20200317,MA,218,1541,,,,
20200317,MD,57,94,,,,
20200317,ME,32,1303,,,,
20200317,MI,2393,626,,,,
20200317,MN,60,2276,,,,
20200317,MO,8,207,,,,0
20200317,MP,0,,,,,
20200317,MS,21,368,,,,
20200317,MT,8,303,,,,
20200317,NC,40,474,,,,0
20200317,ND,3,220,0,,,0
20200317,NE,21,206,,,,
20200317,NH,17,355,195,,,
20200317,NJ,267,163,55,,,3
20200317,NM,23,1249,,,,
20200317,NV,55,168,,,,1
20200317,NY,1700,5506,,,,7
20200317,OH,67,140,,,,
20200317,OK,17,247,82,,,
20200317,OR,47,689,184,,,
20200317,PA,96,879,,,,
20200317,PR,5,13,4,,,
20200317,RI,23,403,149,,,
20200317,SC,33,311,,,,1
20200317,SD,11,551,35,,,
20200317,TN,73,330,,,,
20200317,TX,64,1204,,,,1
20200317,UT,51,131,,,,0
20200317,VA,67,961,,,,1
20200317,VI,2,,,,,
20200317,VT,10,495,,,,
20200317,WA,1218,11582,,,,77
20200317,WI,72,1038,,,,
20200317,WV,0,80,4,,,0
20200317,WY,10,95,,,,
20200316,AK,1,143,,,,
20200316,AL,28,28,40,,,0
20200316,AR,22,132,14,,,
20200316,AS,,,,,,
20200316,AZ,18,125,63,,,0
20200316,CA,335,7981,,,,6
20200316,CO,131,627,,,,1
20200316,CT,26,125,,,,
20200316,DC,17,96,7,,,
20200316,DE,8,36,32,,,
20200316,FL,141,684,514,,,4
20200316,GA,121,,,,,1
20200316,GU,3,23,,,,
20200316,HI,7,,,,,
20200316,IA,22,83,,,,
20200316,ID,5,265,,,,
20200316,IL,93,932,,,,
20200316,IN,24,115,,,,1
20200316,KS,11,166,,,,1
20200316,KY,21,234,,,,1
20200316,LA,114,188,,,,2
20200316,MA,164,352,,,,
20200316,MD,37,94,,,,
20200316,ME,17,764,,,,
20200316,MI,1933,272,30,,,
20200316,MN,54,1839,,,,
20200316,MO,6,164,,,,0
20200316,MP,0,,,,,
20200316,MS,12,277,,,,
20200316,MT,7,198,,,,
20200316,NC,33,296,151,,,0
20200316,ND,1,123,0,,,0
20200316,NE,18,170,,,,
20200316,NH,13,271,95,,,
20200316,NJ,178,120,20,,,2
20200316,NM,17,566,,,,
20200316,NV,45,168,,,,1
20200316,NY,950,4543,,,,7
20200316,OH,50,140,361,,,
20200316,OK,10,174,29,,,
20200316,OR,39,579,182,,,
20200316,PA,76,670,,,,
20200316,PR,5,9,,,,
20200316,RI,21,308,149,,,
20200316,SC,28,235,,,,1
20200316,SD,10,494,0,,,
20200316,TN,52,270,,,,
20200316,TX,57,,,,,
20200316,UT,39,131,,,,0
20200316,VA,51,438,,,,1
20200316,VI,1,,,,,
20200316,VT,8,421,,,,
20200316,WA,1052,9451,,,,68
20200316,WI,47,504,,,,
20200316,WV,0,80,4,,,0
20200316,WY,3,,,,,
20200315,AK,1,143,,,,
20200315,AL,12,28,46,,,0
20200315,AR,16,103,30,,,
20200315,AZ,12,121,50,,,0
20200315,CA,293,916,,,,5
20200315,CO,131,627,,,,1
20200315,CT,20,125,,,,
20200315,DC,16,79,20,,,
20200315,DE,6,36,32,,,
20200315,FL,116,678,454,,,4
20200315,GA,99,,,,,1
20200315,HI,2,,,,,
20200315,IA,18,83,,,,
20200315,ID,5,174,,,,
20200315,IL,64,449,195,,,
20200315,IN,19,102,,,,0
20200315,KS,8,135,,,,1
20200315,KY,16,139,,,,
20200315,LA,91,156,,,,2
20200315,MA,138,352,,,,
20200315,MD,31,94,,,,
20200315,ME,3,91,17,,,
20200315,MI,1480,205,26,,,
20200315,MN,35,1387,,,,
20200315,MO,5,122,,,,0
20200315,MS,10,84,,,,
20200315,MT,7,103,57,,,
20200315,NC,32,227,151,,,
20200315,ND,1,95,4,,,0
20200315,NE,17,80,33,,,
20200315,NH,13,271,95,,,
20200315,NJ,98,120,34,,,2
20200315,NM,13,482,,,,
20200315,NV,21,168,164,,,
20200315,NY,729,4543,,,,3
20200315,OH,36,139,350,,,
20200315,OK,9,118,12,,,
20200315,OR,36,420,225,,,
20200315,PA,63,205,183,,,
20200315,RI,20,271,57,,,
20200315,SC,19,154,,,,
20200315,SD,9,327,6,,,
20200315,TN,39,157,,,,
20200315,TX,56,,,,,
20200315,UT,28,131,,,,0
20200315,VA,45,363,,,,1
20200315,VT,4,348,,,,
20200315,WA,924,7122,,,,56
20200315,WI,33,313,,,,
20200315,WV,0,38,1,,,0
20200315,WY,3,,,,,
20200314,AK,1,143,,,,
20200314,AL,6,22,46,,,
20200314,AR,12,65,26,,,
20200314,AZ,12,121,50,,,0
20200314,CA,252,916,,,,5
20200314,CO,101,610,,,,1
20200314,CT,11,125,,,,
20200314,DC,10,49,10,,,
20200314,DE,6,36,32,,,
20200314,FL,77,478,221,,,3
20200314,GA,66,,,,,1
20200314,HI,2,,,,,
20200314,IA,17,83,,,,
20200314,ID,2,174,,,,
20200314,IL,46,316,82,,,
20200314,IN,15,74,,,,0
20200314,KS,6,93,,,,1
20200314,KY,14,139,,,,
20200314,LA,69,109,,,,
20200314,MA,138,352,,,,
20200314,MD,26,94,,,,
20200314,ME,3,91,17,,,
20200314,MI,1196,205,26,,,
20200314,MN,21,847,,,,
20200314,MO,4,90,,,,0
20200314,MS,6,84,,,,
20200314,MT,5,103,,,,
20200314,NC,23,137,,,,
20200314,ND,1,54,14,,,0
20200314,NE,14,80,33,,,
20200314,NH,7,212,31,,,
20200314,NJ,50,97,80,,,1
20200314,NM,10,237,,,,
20200314,NV,20,168,,,,
20200314,NY,524,2779,,,,
20200314,OH,13,50,159,,,
20200314,OK,4,36,37,,,
20200314,OR,30,337,157,,,
20200314,PA,47,205,150,,,
20200314,RI,20,198,57,,,
20200314,SC,13,110,,,,
20200314,SD,9,182,3,,,
20200314,TN,32,130,,,,
20200314,TX,51,,,,,
20200314,UT,6,131,,,,
20200314,VA,30,117,,,,
20200314,VT,4,227,,,,
20200314,WA,793,6001,,,,51
20200314,WI,19,169,,,,
20200314,WV,0,26,5,,,
20200314,WY,2,,,,,
20200313,AK,1,59,,,,
20200313,AL,1,11,,,,
20200313,AR,9,30,22,,,
20200313,AZ,9,94,40,,,0
20200313,CA,202,916,,,,4
20200313,CO,72,524,,,,
20200313,CT,6,99,,,,
20200313,DC,10,20,,,,
20200313,DE,4,30,10,,,
20200313,FL,50,478,221,,,2
20200313,GA,42,,,,,1
20200313,HI,2,,,,,
20200313,IA,16,83,29,,,
20200313,ID,0,131,,,,
20200313,IL,32,294,92,,,
20200313,IN,12,61,,,,
20200313,KS,6,93,,,,
20200313,KY,11,107,,,,
20200313,LA,36,37,,,,
20200313,MA,123,92,,,,
20200313,MD,17,94,,,,
20200313,ME,3,91,17,,,
20200313,MI,945,133,26,,,
20200313,MN,14,541,,,,
20200313,MO,2,71,,,,
20200313,MS,4,41,,,,
20200313,MT,1,55,,,,
20200313,NC,15,86,,,,
20200313,ND,1,39,12,,,0
20200313,NE,13,80,33,,,
20200313,NH,6,94,21,,,
20200313,NJ,50,97,80,,,1
20200313,NM,10,190,,,,
20200313,NV,11,168,,,,
20200313,NY,421,2779,,,,
20200313,OH,13,50,159,,,
20200313,OK,3,36,37,,,
20200313,OR,30,337,157,,,
20200313,PA,41,140,130,,,
20200313,RI,14,142,29,,,
20200313,SC,12,75,,,,
20200313,SD,9,73,11,,,
20200313,TN,26,116,,,,
20200313,TX,39,,,,,
20200313,UT,6,131,,,,
20200313,VA,30,117,,,,
20200313,VT,2,142,,,,
20200313,WA,693,4350,,,,47
20200313,WI,19,169,,,,
20200313,WV,0,17,4,,,
20200313,WY,1,,,,,
20200312,AK,0,46,14,,,
20200312,AL,0,10,,,,
20200312,AR,6,24,20,,,
20200312,AZ,9,82,24,,,
20200312,CA,202,916,,,,4
20200312,CO,45,298,,,,
20200312,CT,6,89,,,,
20200312,DC,10,20,,,,
20200312,DE,4,23,14,,,
20200312,FL,32,301,147,,,2
20200312,GA,31,,,,,
20200312,HI,2,,,,,
20200312,IA,14,67,24,,,
20200312,ID,0,93,,,,
20200312,IL,25,266,76,,,
20200312,IN,12,52,,,,
20200312,KS,4,41,,,,
20200312,KY,8,56,,,,
20200312,LA,14,37,,,,
20200312,MA,95,,,,,
20200312,MD,12,94,,,,
20200312,ME,1,65,20,,,
20200312,MI,702,91,27,,,
20200312,MN,9,307,,,,
20200312,MO,1,64,,,,
20200312,MS,1,41,,,,
20200312,MT,1,34,,,,
20200312,NC,12,60,,,,
20200312,ND,1,12,14,,,
20200312,NE,10,80,33,,,
20200312,NH,6,94,21,,,
20200312,NJ,30,74,20,,,1
20200312,NM,5,155,,,,
20200312,NV,7,168,,,,
20200312,NY,216,92,,,,
20200312,OH,5,30,52,,,
20200312,OK,3,36,4,,,
20200312,OR,19,286,62,,,
20200312,PA,22,116,81,,,
20200312,RI,5,94,8,,,
20200312,SC,10,48,,,,
20200312,SD,8,27,11,,,
20200312,TN,18,79,,,,
20200312,TX,23,,,,,
20200312,UT,4,131,,,,
20200312,VA,17,117,,,,
20200312,VT,2,97,,,,
20200312,WA,543,3037,,,,44
20200312,WI,8,84,,,,
20200312,WV,0,7,1,,,
20200312,WY,1,,,,,
20200311,AK,0,46,14,,,
20200311,AL,0,10,,,,
20200311,AR,0,12,14,,,
20200311,AZ,9,59,32,,,
20200311,CA,157,916,,,,
20200311,CO,28,251,,,,
20200311,CT,3,71,,,,
20200311,DC,5,20,15,,,
20200311,DE,1,17,2,,,
20200311,FL,28,301,147,,,2
20200311,GA,22,,,,,
20200311,HI,2,,,,,
20200311,IA,13,46,27,,,
20200311,ID,0,67,,,,
20200311,IL,19,244,63,,,
20200311,IN,10,33,,,,
20200311,KS,1,41,,,,
20200311,KY,8,46,,,,
20200311,LA,6,37,,,,
20200311,MA,92,,,,,
20200311,MD,9,94,,,,
20200311,ME,0,42,5,,,
20200311,MI,497,57,18,,,
20200311,MN,5,217,,,,
20200311,MO,1,,,,,
20200311,MS,0,20,,,,
20200311,MT,0,21,,,,
20200311,NC,7,,,,,
20200311,ND,0,7,6,,,
20200311,NE,5,47,16,,,
20200311,NH,4,38,5,,,
20200311,NJ,24,57,20,,,1
20200311,NM,3,87,,,,
20200311,NV,5,168,,,,
20200311,NY,216,92,,,,
20200311,OH,4,21,24,,,
20200311,OK,2,15,11,,,
20200311,OR,19,286,62,,,
20200311,PA,16,88,54,,,
20200311,RI,5,94,24,,,
20200311,SC,9,32,,,,
20200311,SD,5,13,2,,,
20200311,TN,7,50,,,,
20200311,TX,21,,,,,
20200311,UT,2,,,,,
20200311,VA,9,60,,,,
20200311,VT,1,62,,,,
20200311,WA,474,2175,,,,40
20200311,WI,3,43,,,,
20200311,WV,0,3,2,,,
20200311,WY,0,,,,,
20200310,AK,0,23,9,,,
20200310,AL,0,0,0,,,
20200310,AR,0,12,3,,,
20200310,AZ,6,51,27,,,
20200310,CA,133,690,,,,
20200310,CO,12,142,1,,,
20200310,CT,2,54,,,,
20200310,DC,5,17,2,,,
20200310,DE,0,17,3,,,
20200310,FL,19,222,155,,,
20200310,GA,17,,,,,
20200310,HI,2,,,,,
20200310,IA,8,32,11,,,
20200310,ID,0,41,,,,
20200310,IL,19,244,63,,,
20200310,IN,6,30,,,,
20200310,KS,1,17,21,,,
20200310,KY,6,28,,,,
20200310,LA,1,11,,,,
20200310,MA,92,,,,,
20200310,MD,6,89,,,,
20200310,ME,0,20,5,,,
20200310,MI,358,39,24,,,
20200310,MN,3,132,,,,
20200310,MO,1,,,,,
20200310,MS,0,,,,,
20200310,MT,0,15,,,,
20200310,NC,7,,,,,
20200310,ND,0,6,2,,,
20200310,NE,3,47,16,,,
20200310,NH,4,38,5,,,
20200310,NJ,15,44,20,,,
20200310,NM,0,69,,,,
20200310,NV,1,14,,,,
20200310,NY,173,92,,,,
20200310,OH,3,14,15,,,
20200310,OK,2,15,11,,,
20200310,OR,15,213,67,,,
20200310,PA,12,,,,,
20200310,RI,3,58,6,,,
20200310,SC,7,24,,,,
20200310,SD,0,11,0,,,
20200310,TN,7,,,,,
20200310,TX,13,,,,,
20200310,UT,2,,,,,
20200310,VA,8,53,,,,
20200310,VT,1,40,,,,
20200310,WA,390,1110,,,,37
20200310,WI,2,36,,,,
20200310,WV,0,2,3,,,
20200310,WY,0,0,0,,,
20200309,AK,0,23,9,,,
20200309,AL,0,,,,,
20200309,AR,0,12,0,,,
20200309,AZ,5,44,7,,,
20200309,CA,114,690,,,,
20200309,CO,9,133,,,,
20200309,CT,1,46,,,,
20200309,DC,1,14,3,,,
20200309,DE,0,15,3,,,
20200309,FL,18,140,115,,,
20200309,GA,12,,,,,
20200309,HI,2,,,,,
20200309,IA,3,26,8,,,
20200309,ID,0,41,,,,
20200309,IL,7,191,44,,,
20200309,IN,2,,,,,
20200309,KS,1,11,0,,,
20200309,KY,4,17,,,,
20200309,LA,1,5,,,,
20200309,MA,41,,,,,
20200309,MD,5,73,,,,
20200309,ME,0,1,,,,
20200309,MI,254,36,11,,,
20200309,MN,2,80,,,,
20200309,MO,1,,,,,
20200309,MS,0,,,,,
20200309,MT,0,11,,,,
20200309,NC,2,,,,,
20200309,ND,0,0,,,,
20200309,NE,3,36,9,,,
20200309,NH,4,38,5,,,
20200309,NJ,11,35,14,,,
20200309,NM,0,57,0,,,
20200309,NV,1,14,,,,
20200309,NY,142,92,,,,
20200309,OH,3,11,5,,,
20200309,OK,1,8,10,,,
20200309,OR,14,165,52,,,
20200309,PA,10,,,,,
20200309,RI,3,30,6,,,
20200309,SC,7,24,,,,
20200309,SD,0,5,0,,,
20200309,TN,3,,,,,
20200309,TX,12,,,,,
20200309,UT,1,,,,,
20200309,VA,3,38,9,,,
20200309,VT,1,34,,,,
20200309,WA,343,1110,,,,35
20200309,WI,1,36,,,,
20200309,WV,0,2,3,,,
20200309,WY,0,,,,,
20200308,AK,0,14,6,,,
20200308,AL,0,,,,,
20200308,AR,0,6,0,,,
20200308,AZ,5,44,7,,,
20200308,CA,88,462,,,,
20200308,CO,8,104,,,,
20200308,CT,1,29,8,,,
20200308,DC,1,10,0,,,
20200308,DE,0,10,0,,,
20200308,FL,17,118,108,,,
20200308,GA,7,,,,,
20200308,HI,1,,,,,
20200308,IA,0,15,2,,,
20200308,ID,0,27,,,,
20200308,IL,6,191,44,,,
20200308,IN,2,,,,,
20200308,KS,1,11,0,,,
20200308,KY,1,13,,,,
20200308,LA,0,5,,,,
20200308,MA,13,,,,,
20200308,MD,3,52,,,,
20200308,ME,0,1,,,,
20200308,MI,168,26,10,,,
20200308,MN,1,48,,,,
20200308,MO,1,,,,,
20200308,MS,0,,,,,
20200308,MT,0,11,,,,
20200308,NC,2,,,,,
20200308,ND,0,0,,,,
20200308,NE,1,17,5,,,
20200308,NH,4,38,5,,,
20200308,NJ,6,31,0,,,
20200308,NM,0,48,0,,,
20200308,NV,1,14,,,,
20200308,NY,105,92,,,,
20200308,OH,0,10,4,,,
20200308,OK,1,8,2,,,
20200308,OR,14,100,53,,,
20200308,PA,6,,,,,
20200308,RI,3,30,12,,,
20200308,SC,2,8,,,,
20200308,SD,0,5,0,,,
20200308,TN,3,,,,,
20200308,TX,8,,,,,
20200308,UT,1,,,,,
20200308,VA,2,36,6,,,
20200308,VT,1,28,,,,
20200308,WA,246,640,60,,,31
20200308,WI,1,31,12,,,
20200308,WV,0,2,3,,,
20200308,WY,0,,,,,
20200307,AK,0,12,2,,,
20200307,AL,0,,,,,
20200307,AR,0,6,0,,,
20200307,AZ,5,44,7,,,
20200307,CA,69,462,,,,
20200307,CO,8,55,69,,,
20200307,CT,0,,,,,
20200307,DC,0,8,1,,,
20200307,DE,0,10,0,,,
20200307,FL,14,100,88,,,
20200307,GA,6,,,,,
20200307,HI,1,,,,,
20200307,IA,0,15,2,,,
20200307,ID,0,27,,,,
20200307,IL,6,191,44,,,
20200307,IN,1,,,,,
20200307,KS,0,11,2,,,
20200307,KY,1,9,,,,
20200307,LA,0,,,,,
20200307,MA,13,,,,,
20200307,MD,3,41,,,,
20200307,ME,0,1,,,,
20200307,MI,128,18,9,,,
20200307,MN,1,48,,,,
20200307,MO,0,,,,,
20200307,MS,0,,,,,
20200307,MT,0,11,,,,
20200307,NC,2,,,,,
20200307,ND,0,0,,,,
20200307,NE,1,17,5,,,
20200307,NH,2,20,3,,,
20200307,NJ,4,,1,,,
20200307,NM,0,48,0,,,
20200307,NV,1,14,,,,
20200307,NY,76,92,236,,,
20200307,OH,0,9,5,,,
20200307,OK,1,,,,,
20200307,OR,7,77,40,,,
20200307,PA,4,,,,,
20200307,RI,2,30,,,,
20200307,SC,2,8,,,,
20200307,SD,0,5,0,,,
20200307,TN,1,,,,,
20200307,TX,8,,,,,
20200307,UT,1,,,,,
20200307,VA,0,31,7,,,
20200307,VT,0,16,,,,
20200307,WA,181,370,66,,,27
20200307,WI,1,31,12,,,
20200307,WV,0,2,3,,,
20200307,WY,0,,,,,
20200306,AK,0,8,1,,,
20200306,AR,0,6,0,,,
20200306,AZ,3,33,15,,,
20200306,CA,60,462,,,,
20200306,CO,2,46,30,,,
20200306,DC,0,8,1,,,
20200306,DE,0,10,0,,,
20200306,FL,9,55,51,,,
20200306,GA,2,,,,,
20200306,IA,0,15,2,,,
20200306,IL,5,180,35,,,
20200306,IN,1,,,,,
20200306,KS,0,4,0,,,
20200306,KY,0,7,3,,,
20200306,MA,8,,,,,
20200306,MD,3,26,12,,,
20200306,MI,98,8,8,,,
20200306,MN,0,36,,,,
20200306,NC,2,,,,,
20200306,NE,0,17,5,,,
20200306,NH,2,20,3,,,
20200306,NJ,1,,,,,
20200306,NM,0,16,0,,,
20200306,NV,1,14,,,,
20200306,NY,33,92,236,,,
20200306,OH,0,8,2,,,
20200306,OR,3,64,28,,,
20200306,PA,2,,,,,
20200306,RI,3,17,,,,
20200306,SC,0,5,,,,
20200306,TN,1,,,,,
20200306,TX,5,,,,,
20200306,VA,0,21,10,,,
20200306,VT,0,8,,,,
20200306,WA,149,370,,,,26
20200306,WI,1,31,12,,,
20200306,WV,0,1,4,,,
20200305,AZ,2,28,6,,,
20200305,CA,53,462,,,,
20200305,CO,0,19,21,,,
20200305,DC,0,6,2,,,
20200305,FL,9,31,69,,,
20200305,GA,2,,,,,
20200305,IL,5,165,27,,,
20200305,MA,2,,,,,
20200305,MD,0,17,14,,,
20200305,MI,72,8,0,,,
20200305,NC,1,,,,,
20200305,NE,0,17,5,,,
20200305,NH,2,16,4,,,
20200305,NJ,1,,,,,
20200305,NV,1,14,,,,
20200305,NY,22,76,24,,,
20200305,OH,0,7,3,,,
20200305,OR,3,45,13,,,
20200305,RI,2,17,,,,
20200305,SC,0,5,,,,
20200305,TN,1,,,,,
20200305,TX,1,,,,,
20200305,VA,0,18,3,,,
20200305,WA,96,,,,,20
20200305,WI,1,19,6,,,
20200304,AZ,2,27,5,,,
20200304,CA,53,462,,,,
20200304,FL,2,24,16,,,
20200304,GA,2,,,,,
20200304,IL,4,124,27,,,
20200304,MA,2,,,,,
20200304,MI,52,,,,,
20200304,NC,1,,,,,
20200304,NH,2,10,7,,,
20200304,NY,6,48,24,,,
20200304,OR,3,29,18,,,
20200304,RI,2,11,,,,
20200304,SC,0,5,,,,
20200304,TX,1,,,,,
20200304,WA,76,,,,,16
20200304,WI,1,19,6,,,
20200303,MI,34,,,,,
20200303,RI,2,6,,,,
20200303,WA,58,,,,,14
20200302,MI,18,,,,,
20200302,RI,1,,,,,
20200302,WA,34,,,,,11
20200301,MI,9,,,,,
20200301,RI,1,,,,,
20200301,WA,30,,,,,8
20200229,WA,18,,,,,5
20200228,WA,9,,,,,4
